{
  "name": "ionic-service-core",
  "version": "0.0.33",
  "homepage": "http://ionic.io",
  "authors": [
    "Max Lynch <max@ionicframework.com>",
    "William Pelrine <rudy@drifty.com>"
  ],
  "description": "Core features for the Ionic Platform",
  "main": "ionic-core.js",
  "license": "Apache2",
  "ignore": [
    "**/.*",
    "node_modules",
    "bower_components",
    "test",
    "tests"
  ],
  "_release": "0.0.33",
  "_resolution": {
    "type": "version",
    "tag": "0.0.33",
    "commit": "56a7590fe9f353751ca93e0937e0618e2ba66706"
  },
  "_source": "git://github.com/driftyco/ionic-service-core.git",
  "_target": ">= 0.0.1",
  "_originalSource": "ionic-service-core"
}