{
  "name": "ionic-service-deploy",
  "homepage": "http://ionic.io",
  "authors": [
    "Joel Weirauch <joel@drifty.com>"
  ],
  "description": "Ionic Mobile Platform Deploy client",
  "main": "ionic-deploy.js",
  "license": "Apache2",
  "dependencies": {
    "ionic-service-core": ">= 0.0.1"
  },
  "ignore": [
    "**/.*",
    "node_modules",
    "bower_components",
    "test",
    "tests"
  ],
  "_release": "db15cd9a79",
  "_resolution": {
    "type": "branch",
    "branch": "master",
    "commit": "db15cd9a795bc423fac37343db9303e9b4d31f04"
  },
  "_source": "git://github.com/driftyco/ionic-service-deploy.git",
  "_target": "master",
  "_originalSource": "ionic-service-deploy",
  "_direct": true
}